{
  "modelo_seleccionado": "Gradient Boosting",
  "clases": [
    "Movie",
    "TV Show"
  ],
  "clase_positiva_metrica": "TV Show",
  "features_requeridas": [
    "release_year",
    "decada_lanzamiento",
    "rating",
    "pais_principal",
    "num_actores",
    "tiene_director",
    "largo_descripcion",
    "mes_agregado"
  ],
  "columnas_numericas": [
    "release_year",
    "decada_lanzamiento",
    "num_actores",
    "tiene_director",
    "largo_descripcion",
    "mes_agregado"
  ],
  "columnas_categoricas": [
    "rating",
    "pais_principal"
  ],
  "metricas_test": {
    "modelo": "Gradient Boosting",
    "accuracy": 0.9574347332576617,
    "precision": 0.9275092936802974,
    "recall": 0.9327102803738317,
    "f1": 0.9301025163094129,
    "roc_auc": 0.9809092917152237
  },
  "tabla_comparacion": [
    {
      "modelo": "Gradient Boosting",
      "accuracy": 0.9574347332576617,
      "precision": 0.9275092936802974,
      "recall": 0.9327102803738317,
      "f1": 0.9301025163094129,
      "roc_auc": 0.9809092917152237
    },
    {
      "modelo": "Regresión Logística",
      "accuracy": 0.9568671963677639,
      "precision": 0.9322033898305084,
      "recall": 0.9252336448598131,
      "f1": 0.9287054409005628,
      "roc_auc": 0.9780408107305258
    },
    {
      "modelo": "Random Forest (tuned)",
      "accuracy": 0.9562996594778661,
      "precision": 0.9304511278195489,
      "recall": 0.9252336448598131,
      "f1": 0.9278350515463918,
      "roc_auc": 0.9798795024716466
    }
  ],
  "n_train": 7045,
  "n_test": 1762
}