modelo,accuracy,precision,recall,f1,roc_auc
Gradient Boosting,0.9574347332576617,0.9275092936802974,0.9327102803738317,0.9301025163094129,0.9809092917152237
Regresión Logística,0.9568671963677639,0.9322033898305084,0.9252336448598131,0.9287054409005628,0.9780408107305258
Random Forest (tuned),0.9562996594778661,0.9304511278195489,0.9252336448598131,0.9278350515463918,0.9798795024716466
